ja:
  faker:
    address:
      postcode:
        - "###-####"
      country:
        - 中華人民共和国
        - 香港
        - マカオ
        - 台湾
        - インド
        - アメリカ合衆国
        - プエルトリコ
        - グアム
        - アメリカ領ヴァージン諸島
        - 北マリアナ諸島
        - アメリカ領サモア
        - アメリカ
        - インドネシア
        - パキスタン
        - ブラジル
        - ナイジェリア
        - バングラデシュ
        - ロシア
        - メキシコ
        - 日本
        - エチオピア
        - フィリピン
        - エジプト
        - ベトナム
        - コンゴ民主共和国
        - ドイツ
        - トルコ
        - イラン
        - タイ王国
        - イギリス
        - チャンネル諸島
        - マン島
        - バミューダ諸島
        - ケイマン諸島
        - タークス・カイコス諸島
        - ジブラルタル
        - イギリス領ヴァージン諸島
        - アンギラ
        - セントヘレナ
        - モントセラト
        - フォークランド諸島
        - フランス
        - レユニオン
        - グアドループ
        - マルティニーク
        - フランス領ギアナ
        - ニューカレドニア
        - フランス領ポリネシア
        - マヨット
        - サン・マルタン
        - ウォリス・フツナ
        - サン・バルテルミー島
        - サンピエール島・ミクロン島
        - イタリア
        - 南アフリカ共和国
        - タンザニア
        - ミャンマー
        - ケニア
        - 大韓民国
        - コロンビア
        - スペイン
        - アルゼンチン
        - ウガンダ
        - ウクライナ
        - アルジェリア
        - スーダン
        - イラク
        - アフガニスタン
        - ポーランド
        - カナダ
        - モロッコ
        - サウジアラビア
        - ウズベキスタン
        - ペルー
        - マレーシア
        - アンゴラ
        - ガーナ
        - モザンビーク
        - イエメン
        - ネパール
        - ベネズエラ
        - マダガスカル
        - カメルーン
        - コートジボワール
        - 朝鮮民主主義人民共和国
        - オーストラリア
        - ニジェール
        - スリランカ
        - ブルキナファソ
        - マリ
        - ルーマニア
        - チリ
        - マラウイ
        - カザフスタン
        - ザンビア
        - グアテマラ
        - オランダ
        - キュラソー島
        - アルバ
        - シント・マールテン
        - カリブ・オランダ
        - エクアドル
        - シリア
        - カンボジア
        - セネガル
        - チャド
        - ソマリア
        - ジンバブエ
        - ギニア
        - ルワンダ
        - ベナン
        - チュニジア
        - ベルギー
        - ブルンジ
        - ボリビア
        - キューバ
        - ハイチ
        - 南スーダン
        - ドミニカ共和国
        - チェコ
        - ギリシャ
        - ポルトガル
        - ヨルダン
        - アゼルバイジャン
        - スウェーデン
        - アラブ首長国連邦
        - ホンジュラス
        - ハンガリー
        - ベラルーシ
        - タジキスタン
        - オーストリア
        - パプアニューギニア
        - セルビア
        - スイス
        - イスラエル
        - トーゴ
        - シエラレオネ
        - ラオス
        - パラグアイ
        - ブルガリア
        - レバノン
        - リビア
        - ニカラグア
        - エルサルバドル
        - キルギス
        - トルクメニスタン
        - デンマーク
        - グリーンランド
        - フェロー諸島
        - シンガポール
        - フィンランド
        - スロバキア
        - コンゴ共和国
        - ノルウェー
        - コスタリカ
        - パレスチナ
        - オマーン
        - リベリア
        - アイルランド
        - ニュージーランド
        - クック諸島
        - ニウエ
        - トケラウ
        - 中央アフリカ
        - モーリタニア
        - パナマ
        - クウェート
        - クロアチア
        - モルドバ
        - ジョージア
        - エリトリア
        - ウルグアイ
        - ボスニア・ヘルツェゴビナ
        - モンゴル国
        - アルメニア
        - ジャマイカ
        - アルバニア
        - カタール
        - リトアニア
        - ナミビア
        - ガンビア
        - ボツワナ
        - ガボン
        - レソト
        - 北マケドニア
        - スロベニア
        - ギニアビサウ
        - ラトビア
        - バーレーン
        - トリニダード・トバゴ
        - 赤道ギニア
        - エストニア
        - 東ティモール
        - モーリシャス
        - キプロス
        - エスワティニ
        - ジブチ
        - フィジー
        - コモロ
        - ガイアナ
        - ブータン
        - ソロモン諸島
        - モンテネグロ
        - ルクセンブルク
        - 西サハラ
        - スリナム
        - カーボベルデ
        - モルディブ
        - マルタ
        - ブルネイ
        - ベリーズ
        - バハマ
        - アイスランド
        - バヌアツ
        - バルバドス
        - サントメ・プリンシペ
        - サモア
        - セントルシア
        - キリバス
        - ミクロネシア連邦
        - グレナダ
        - セントビンセント・グレナディーン
        - トンガ
        - セーシェル
        - アンティグア・バーブーダ
        - アンドラ
        - ドミニカ国
        - マーシャル諸島
        - セントクリストファー・ネイビス
        - モナコ
        - リヒテンシュタイン
        - サンマリノ
        - パラオ
        - ツバル
        - ナウル
        - バチカン
      state:
        - 北海道
        - 青森県
        - 岩手県
        - 宮城県
        - 秋田県
        - 山形県
        - 福島県
        - 茨城県
        - 栃木県
        - 群馬県
        - 埼玉県
        - 千葉県
        - 東京都
        - 神奈川県
        - 新潟県
        - 富山県
        - 石川県
        - 福井県
        - 山梨県
        - 長野県
        - 岐阜県
        - 静岡県
        - 愛知県
        - 三重県
        - 滋賀県
        - 京都府
        - 大阪府
        - 兵庫県
        - 奈良県
        - 和歌山県
        - 鳥取県
        - 島根県
        - 岡山県
        - 広島県
        - 山口県
        - 徳島県
        - 香川県
        - 愛媛県
        - 高知県
        - 福岡県
        - 佐賀県
        - 長崎県
        - 熊本県
        - 大分県
        - 宮崎県
        - 鹿児島県
        - 沖縄県
      state_abbr:
        - '1'
        - '2'
        - '3'
        - '4'
        - '5'
        - '6'
        - '7'
        - '8'
        - '9'
        - '10'
        - '11'
        - '12'
        - '13'
        - '14'
        - '15'
        - '16'
        - '17'
        - '18'
        - '19'
        - '20'
        - '21'
        - '22'
        - '23'
        - '24'
        - '25'
        - '26'
        - '27'
        - '28'
        - '29'
        - '30'
        - '31'
        - '32'
        - '33'
        - '34'
        - '35'
        - '36'
        - '37'
        - '38'
        - '39'
        - '40'
        - '41'
        - '42'
        - '43'
        - '44'
        - '45'
        - '46'
        - '47'
      city_prefix:
        - 北
        - 東
        - 西
        - 南
        - 新
        - 大
        - 中
        - 小
      city_suffix:
        - 市
        - 区
        - 町
        - 村
        - 郡
      city:
        - "#{city_prefix}#{Name.first_name}#{city_suffix}"
        - "#{Name.first_name}#{city_suffix}"
        - "#{city_prefix}#{Name.last_name}#{city_suffix}"
        - "#{Name.last_name}#{city_suffix}"
      street_name:
        - "#{Name.first_name}"
        - "#{Name.last_name}"
      default_country:
        - 日本
